,rut,nombre,Q (m3/s),flag
1976-07-21,01001001-2,RIO CAQUENA EN NACIMIENTO,0.501,     
1969-11-27,01001002-0,RIO CAQUENA EN VERTEDERO,0.437,     
1988-06-16,01001003-9,RIO COLPACAGUA EN DESEMBOCADURA,0.194,     
1963-06-20,01010002-K,RIO CHUNGARA EN DESEMBOCADURA,0.151,     
1964-12-07,01020002-4,RIO DESAGUADERO COTACOTANI,0.226,     
1937-02-06,01020003-2,RIO LAUCA EN ESTANCIA EL LAGO,3.37,     
1984-12-01,01020004-0,"CANAL LAUCA EN SIFON N"" 1 (Km. 3.3)",1.17,     
2018-10-04,01020020-2,CANAL LAUCA EN CHUCUYO KM 0 (DOH),0.654,     
1963-04-11,01021001-1,RIO LAUCA EN JAPU (O EN EL LIMITE),4.26,*    
1971-05-26,01021002-K,RIO GUALLATIRE EN GUALLATIRE,0.385,     
1994-09-29,01041001-0,RIO CARIQUIMA EN CARIQUIMA,0.06,     
1995-05-25,01041002-9,RIO ISLUGA EN BOCATOMA,0.409,     
1994-08-10,01044001-7,RIO CANCOSA EN EL TAMBO,0.163,     
1959-11-15,01050001-K,QUEBRADA PIGA EN OJOS DE AGUA,0.1,*    
1959-11-15,01050002-8,RIO PIGA EN COLLACAGUA,0.11,     
1980-09-24,01050003-6,RIO BATEA EN CONFLUENCIA,0.003,     
1981-02-11,01050004-4,RIO COLLACAGUA EN PEÑABLANCA,0.172,     
2010-12-25,01051001-5,VERTIENTE EL ERMITAÑO EN LAG.HUASCO,0.02,     
2017-07-11,01051002-3,VERTIENTE HUASCO NORTE LAG.HUASCO,0.028,     
1961-12-13,01201001-K,RIO COLPITAS EN ALCERRECA,0.585,*    
1961-12-13,01201002-8,RIO CARACARANI EN ALCERRECA,1.37,*    
1961-11-03,01201003-6,RIO LLUTA EN ALCERRECA,1.04,     
1973-08-15,01201005-2,RIO CARACARANI EN HUMAPALCA,0.726,     
1937-11-09,01202001-5,RIO LLUTA EN JAMIRAYA,1.75,     
1946-07-01,01210001-9,RIO LLUTA EN TOCONTASI,1.46,     
1940-03-01,01210002-7,RIO LLUTA EN EL MOLINO,1.38,     
1987-09-04,01210003-5,RIO LLUTA EN CHAPISCA,1.75,     
1985-01-01,01211001-4,RIO LLUTA EN PANAMERICANA,0.035,     
1979-01-09,01211002-2,RIO LLUTA EN PUENTE VIEJO KM 15,0.102,*    
1994-12-07,01300001-8,RIO TICNAMAR EN TICNAMAR,0.01,     
1995-09-12,01300002-6,RIO LACO EN COSAPILLA,0.538,     
2006-01-01,01300009-3,RIO TICNAMAR EN ANGOSTURA,0.028,     
1937-02-20,01310001-2,RIO SAN JOSE EN LIVILCAR,1.34,*    
1967-05-15,01310002-0,RIO SAN JOSE EN AUSIPAR,0.848,     
1975-05-15,01310003-9,RIO SAN JOSE ANTES BOCATOMA AZAPA,1.53,     
1963-04-10,01310004-7,ACUEDUCTO AZAPA EN BOCATOMA,0.456,     
1947-04-01,01310005-5,RIO SAN JOSE EN EL MOLINO,0.014,*    
1982-10-11,01410004-0,RIO CODPA EN CALA-CALA,0.03,     
1946-08-01,01410005-9,RIO CODPA EN OFRAGIA,0.046,*    
1946-07-01,01410006-7,RIO CODPA EN PALCA,0.077,     
1958-04-19,01502002-4,RIO CAMARONES EN CONANOXA,0.22,     
2005-12-12,01502008-3,RIO CAMARONES EN CHILPE,0.665,     
1962-06-24,01610001-3,QUEBRADA CAMIGNA EN UMIGNA,0.298,     
1978-10-30,01610002-1,QUEBRADA CAMIÑA EN ALTUSA,0.339,     
2006-10-03,01610004-8,Q. CAMIÑA 3 KM. A. ARRIBA DE TARCAVIRE,0.468,     
1928-09-19,01710001-7,QUEBRADA CAMIGNA EN PACAGUA,0.212,     
1928-09-11,01720001-1,RIO AROMA EN ALAGNUSCA,0.134,     
1977-12-08,01730001-6,RIO COSCAYA EN PAMPA LIRIMA,0.136,     
1984-12-10,01730002-4,RIO TARAPACA EN MINA SAN JUAN,0.315,     
1985-05-15,01730003-2,RIO COSCAYA EN SAITOCO,0.093,     
1931-04-01,01730004-0,QUEBRADA TARAPACA EN MULLI-MULLI,1.31,*    
1928-12-06,01730005-9,QUEBRADA TARAPACA EN PACHICA,0.0,*    
1928-08-22,01730006-7,QUEBRADA TARAPACA EN MOCHA,0.269,     
1928-08-25,01730007-5,Q. TARAPACA EN SIBAYA,0.145,     
1928-09-01,01730008-3,QUEBRADA TARAPACA EN PUCHURCA,0.36,     
1929-02-11,01730009-1,QUEBRADA AROMA EN PALCA,0.08,     
2003-03-01,01730012-1,Q. TARAPACA EN LAONSANA,0.155,     
1967-07-11,02101001-4,RIO LOA ANTES REPRESA LEQUENA,0.528,     
1967-12-28,02103001-5,"RIO SAN PEDRO EN PARSHALL N""1",0.746,     
1967-11-13,02103002-3,"RIO SAN PEDRO EN PARSHALL N""2 (BT. CHILEX)",0.805,*    
1979-10-04,02103003-1,RIO SAN PEDRO EN CAMINO INTERNACIONAL,0.169,     
1916-10-01,02103004-K,RIO SAN PEDRO EN SAN PEDRO,0.542,     
2001-02-22,02103014-7,RIO SILOLI ANTES B.T. FCAB,0.157,     
2009-01-02,02103018-K,RIO SAN PEDRO EN PARSHALL 2 (CODELCO),0.987,     
1916-10-01,02104001-0,RIO LOA EN CONCHI,1.98,     
1976-02-12,02104002-9,RIO LOA EN SALIDA EMBALSE CONCHI,0.99,     
1979-08-26,02104003-7,"RIO LOA EN ALCANTARILLA CONCHI N""2",1.1,     
1977-10-05,02104004-5,"RIO LOA EN ALCANTARILLA CONCHI N""1",1.47,*    
1916-10-03,02104005-3,RIO LOA ANTES JUNTA RIO SALADO,3.2,*    
2006-03-28,02104013-4,RIO LOA EN VADO SANTA BARBARA (DOH),0.434,     
1975-12-23,02105001-6,RIO SALADO A. J. CURTI,0.138,     
1975-03-23,02105002-4,RIO SALADO EN SIFON AYQUINA,1.19,     
1916-10-03,02105005-9,RIO SALADO A. J. LOA,3.2,*    
1982-11-25,02105007-5,RIO TOCONCE ANTES REPRESA SENDOS,0.43,     
1980-05-30,02105008-3,VERTIENTE TURI TURI,0.124,     
1964-03-13,02110001-3,RIO LOA EN ESCORIAL,1.77,     
1947-06-18,02110002-1,RIO LOA EN YALQUINCHA,7.26,     
1958-05-14,02110003-K,RIO LOA EN CHINTORASTE,1.67,     
1971-06-08,02110004-8,RIO LOA EN FINCA,1.72,     
1916-10-16,02110007-2,RIO LOA ANTES JUNTA SAN SALVADOR,0.284,*    
1916-10-01,02110008-0,RIO LOA DESPUES JUNTA RIO SALADO (CA),3.95,     
2012-10-01,02110031-5,RIO LOA EN ANGOSTURA,1.58,     
1915-12-15,02111002-7,RIO SAN SALVADOR ANTES JUNTA RIO LOA,0.648,     
1916-10-20,02112001-4,RIO LOA EN QUILLAGUA,1.43,     
1977-10-25,02112002-2,CANAL QUILLAGUA EN QUILLAGUA,0.337,     
1998-10-22,02112005-7,RIO LOA ANTES ZONA AGRICOLA QUILLAGUA,0.357,     
1915-12-16,02112006-5,RIO LOA D. J. SAN SALVADOR (CHACANCE),1.59,     
1993-03-31,02112007-3,RIO LOA D. J. SAN SALVADOR-(M. ELENA),0.283,     
1977-12-20,02113001-K,RIO HUATACONDO EN COPAQUIRE,0.03,     
1989-10-05,02120001-8,RIO LOA EN DESEMBOCADURA,0.303,     
1971-01-01,02500001-3,RIO VILAMA EN VILAMA,0.203,*    
1977-01-01,02500002-1,CANAL AGUAS BLANCAS,0.098,*    
1977-05-27,02500003-K,CANAL TULAN EN TILOMONTE,0.006,*    
1976-04-08,02500004-8,CANAL VILAMA EN VILAMA,0.212,     
1989-11-03,02500005-6,CANAL CUNO EN SOCAIRE,0.14,     
1997-04-24,02500006-4,CANAL TILOMONTE ANTES REPRESA,0.025,     
1947-06-23,02510001-8,RIO SAN PEDRO EN CUCHABRACHI,1.23,     
1986-06-17,03022001-3,RIO LA OLA EN VERTEDERO,0.668,     
1979-04-24,03041001-7,RIO BARROS NEGROS ANTES JUNTA VALLE ANCHO,0.045,     
1979-06-07,03041002-5,RIO VILLALOBOS EN VERTEDERO,0.08,     
1979-04-24,03041003-3,RIO VALLE ANCHO ANTES  JUNTA BARROS NEGROS,0.071,     
1979-04-24,03041004-1,RIO VALLE ANCHO EN LA BARRERA,0.021,     
1980-02-21,03041005-K,RIO LAMAS EN EL SALTO,0.221,*    
1979-12-16,03050001-6,RIO ASTABURUAGA EN CONO,0.012,*    
1949-02-08,03404001-K,RIO JORQUERA EN VERTEDERO,1.4,     
1964-02-04,03414001-4,RIO PULIDO EN VERTEDERO,1.86,*    
1964-02-04,03421001-2,RIO MANFLAS EN VERTEDERO,0.262,*    
1985-07-01,03421002-0,RIO MANFLAS ANTE JUNTA CON RIO COPIAPO,1.02,*    
1931-09-24,03430001-1,RIO COPIAPO EN LAUTARO,4.33,*    
1927-10-18,03430002-K,RIO COPIAPO EN SAN ANTONIO,2.96,     
1927-10-15,03430003-8,RIO COPIAPO EN PASTILLO,3.06,     
1927-10-19,03431001-7,RIO COPIAPO EN LA PUERTA,2.87,     
1918-12-01,03431002-5,RIO COPIAPO EN EL BOSQUE,0.792,     
1927-10-28,03431003-3,RIO COPIAPO EN PABELLON,0.434,     
1929-07-30,03434001-3,RIO COPIAPO EN MAL PASO AGUAS ARRIBA CANAL,1.92,     
1988-09-16,03434002-1,CANAL MAL PASO DESPUES DE BOCATOMA,0.2,*    
1988-08-26,03434003-K,RIO COPIAPO EN MAL PASO AGUAS ABAJO CANAL,6.37,     
1983-01-02,03450001-0,RIO COPIAPO EN CIUDAD DE COPIAPO,0.08,     
1963-04-29,03453001-7,RIO COPIAPO EN ANGOSTURA,0.105,     
1984-10-26,03802001-3,RIO CONAY EN LAS LOZAS,13.0,     
1928-02-01,03802002-1,RIO CONAY EN JUNTA LAGUNA GRANDE,2.26,     
1928-02-16,03802003-K,RIO HUASCO ANTES JUNTA RIO CHOLAI-CONAY,2.43,     
1958-11-01,03804001-4,RIO TRANSITO EN LOS TAMBOS,1.77,*    
1964-12-07,03804002-2,RIO TRANSITO EN ANGOSTURA PINTE,0.257,*    
1927-10-09,03804003-0,RIO HUASCO EN CHANCHOQUIN,0.706,     
1929-11-11,03804004-9,RIO TRANSITO EN EL TRANSITO,4.82,     
1927-10-11,03806001-5,RIO TRANSITO ANTES JUNTA RIO CARMEN,2.47,*    
1929-11-28,03814001-9,RIO CARMEN EN SAN FELIX,4.83,     
1928-10-05,03814002-7,RIO CARMEN EN EL COLORADO,2.08,     
1991-10-11,03814003-5,RIO CARMEN EN EL CORRAL,1.64,     
1918-11-01,03815001-4,RIO CARMEN EN RAMADILLAS,0.83,     
1988-09-26,03815002-2,RIO CARMEN EN PTE. LA MAJADA,4.06,     
1975-07-18,03820001-1,RIO HUASCO EN ALGODONES,2.21,     
2001-06-07,03820002-K,RIO HUASCO EN CHEPICA,5.0,     
1928-02-01,03820003-8,RIO HUASCO EN SANTA JUANA,7.09,     
1971-10-11,03825001-9,RIO HUASCO EN PUENTE NICOLASA,0.39,     
1987-08-21,03826001-4,RIO HUASCO EN HUASCO BAJO,15.1,     
1946-08-16,04110001-K,RIO ELQUI EN MOLLE,3.45,<    
1928-11-16,04301002-6,RIO LA LAGUNA EN SALIDA EMBALSE LA LAGUNA,3.7,     
1928-04-09,04301003-4,RIO LA LAGUNA EN NUEVA ELQUI,3.21,     
1985-06-05,04302001-3,RIO TORO ANTES JUNTA RIO LA LAGUNA,0.5,     
2002-05-01,04302003-K,DREN G TRANQUE EL INDIO (2-D DRENES),0.06,>    
1946-08-12,04304001-4,RIO INGAGUAS EN LAS TERNERAS,0.654,     
1946-08-12,04305001-K,RIO TURBIO EN LAS TERNERAS,1.93,     
1928-11-01,04306001-5,RIO TURBIO EN HUANTA,9.57,     
1914-04-01,04308001-6,RIO TURBIO EN VARILLAR,8.5,     
1983-11-03,04311001-2,ESTERO DERECHO EN ALCOHUAZ,3.22,     
1983-08-11,04313001-3,RIO COCHIGUAZ EN EL PEÑON,3.0,     
1947-01-24,04314001-9,RIO CLARO EN MONTEGRANDE,0.718,     
1914-03-16,04314002-7,RIO CLARO EN RIVADAVIA,9.25,     
1916-09-01,04320001-1,RIO ELQUI EN ALGARROBAL,9.72,     
1918-05-25,04323001-8,RIO ELQUI EN ALMENDRAL,12.1,     
1963-01-08,04323002-6,RIO ELQUI EN PUCLARO,3.94,     
1946-08-01,04323003-4,RIO ELQUI EN GUALLIGUAICA,4.19,     
1952-07-13,04331001-1,RIO ELQUI EN PUNTA DE PIEDRA,3.77,     
1985-01-18,04335001-3,RIO ELQUI EN LA SERENA,34.0,     
1986-03-01,04400001-6,ESTERO CULEBRON EN EL SIFON,0.353,*    
1962-12-17,04501001-5,RIO HURTADO EN SAN AGUSTIN,1.3,     
1928-06-10,04501002-3,RIO HURTADO EN LAS BREAS,3.67,     
1968-02-16,04502001-0,RIO HURTADO EN LA CORTADERA,0.073,     
1928-06-01,04502002-9,RIO HURTADO EN HURTADO,2.53,     
1918-09-01,04503001-6,RIO HURTADO EN ANGOSTURA DE PANGUE,7.31,     
1928-05-26,04506002-0,RIO HURTADO EN ENTRADA EMBALSE RECOLETA,6.55,     
1970-02-11,04506003-9,CANAL TUQUI EN SALIDA EMBALSE RECOLETA,0.047,*    
1959-08-13,04506004-7,CANAL ALIMENTADOR RECOLETA ENTRADA EMBALSE,0.108,*    
1959-07-01,04506005-5,CANAL ALIMENTADOR RECOLETA EN BOCATOMA,4.83,     
1942-05-08,04511001-K,RIO GRANDE EN LAS PEGAS,2.88,     
1961-05-18,04511002-8,RIO GRANDE EN LAS RAMADAS,1.33,     
1962-10-23,04512001-5,RIO TASCADERO EN DESEMBOCADURA,0.215,     
1959-05-05,04513001-0,RIO GRANDE EN CUYANO,1.98,     
1969-10-03,04514001-6,RIO MOSTAZAL EN CUESTECITA,0.151,     
1959-05-01,04515001-1,RIO MOSTAZAL ANTES JUNTA RIO TULAHUENCITO,0.235,     
1972-07-24,04515002-K,RIO MOSTAZAL EN CAREN,1.59,     
1942-12-01,04516001-7,RIO GRANDE EN COIPO,25.5,     
1959-12-01,04516002-5,CANAL PALQUI EN SEMITA,0.562,     
1918-08-01,04516003-3,RIO GRANDE EN ZEMITA,0.652,*    
1970-05-22,04520001-9,RIO LOS MOLLES EN OJOS DE AGUA,0.016,     
1970-07-24,04520002-7,CANAL CENTRAL LOS MOLLES EN CAMARA DGA,0.272,     
1970-08-01,04520003-5,RIO LOS MOLLES EN BOCATOMA,0.238,     
1941-10-02,04520004-3,RIO RAPEL EN LOS MOLLES,2.88,     
1941-10-02,04522001-K,RIO RAPEL EN PALOMA,1.54,     
1959-04-01,04522002-8,RIO RAPEL EN JUNTA,0.009,     
1946-09-15,04523001-5,RIO GRANDE EN AGUA CHICA,0.226,*    
1942-03-01,04523002-3,RIO GRANDE EN PUNTILLA SAN JUAN,14.9,     
1971-09-14,04530001-3,RIO COGOTI EN FRAGUITA,0.432,     
1942-01-01,04531001-9,RIO COGOTI EN COGOTI 18,25.1,*    
1953-01-10,04531002-7,RIO COGOTI ENTRADA EMBALSE COGOTI,0.176,     
1975-12-27,04532001-4,RIO COMBARBALA EN RAMADILLAS,0.258,     
1927-05-07,04532002-2,RIO COMBARBALA EN COMBARBALA,0.597,     
1927-05-06,04533001-K,QUEBRADA PANA EN FONDITOS,0.268,     
1987-10-27,04533002-8,RIO PAMA EN VALLE HERMOSO,2.29,*    
1953-01-13,04534001-5,RIO PAMA ENTRADA EMBALSE COGOTI,0.017,     
1960-05-05,04535002-9,RIO GUATULAME EN SALIDA EMBALSE COGOTI,1.1,     
1981-01-06,04535003-7,CANAL MATRIZ COGOTI EN BOCATOMA,5.76,*    
1927-06-01,04535004-5,RIO GUATULAME EN SAN MARCOS,51.7,*    
1963-07-01,04537001-1,RIO GUATULAME EN EL TOME,0.31,     
1927-06-01,04537002-K,RIO GUATULAME EN HUANILLA,6.44,*    
1927-06-01,04540001-8,RIO GRANDE EN PALOMA 1,15.5,     
1946-10-03,04540002-6,RIO GUATULAME EN DESEMBOCADURA EMBALSE LA PALOMA,0.634,     
1958-10-02,04540003-4,CANAL CAMARICO AGUAS ABAJO COMPUERTAS,1.08,     
1916-08-01,04550001-2,RIO LIMARI EN PUNTILLA DE OVALLE,6.63,     
1941-10-23,04550003-9,RIO LIMARI EN PEÑONES BAJOS,104.0,*    
1968-08-01,04556001-5,ESTERO PUNITAQUI EN CHALINGA,0.101,     
1962-10-16,04557002-9,ESTERO PUNITAQUI ANTES JUNTA RIO LIMARI,0.2,     
1958-10-01,04558001-6,RIO LIMARI EN PANAMERICANA,0.056,     
1950-02-15,04700001-7,ESTERO EL SOLDADO EN LAGUNA EL PELADO,0.466,     
1965-12-07,04703001-3,RIO CHOAPA SOBRE EL RIO VALLE,51.1,*    
1965-10-14,04703002-1,RIO CHOAPA EN CUNCUMEN,26.2,     
2001-08-10,04704001-9,RIO CUNCUMEN ANTES JUNTA CHOAPA (CHACAY),0.816,     
1965-10-15,04704002-7,RIO CUNCUMEN ANTES BOCATOMA DE CANALES,3.33,     
1931-06-01,04711001-7,RIO CHOAPA EN SALAMANCA,7.01,     
1985-09-03,04711002-5,CANAL CARACHA EN BOCATOMA,0.284,*    
1991-10-29,04712001-2,RIO CHALINGA EN LA PALMILLA,1.05,     
1928-11-10,04713001-8,RIO CHALINGA EN SAN AGUSTIN,1.22,     
1929-11-01,04713002-6,RIO CHALINGA EN POTRERO MAITENES,0.928,     
1928-11-14,04713003-4,RIO CHALINGA EN CHALINGA,0.962,*    
1965-01-22,04714001-3,ESTERO CAMISAS EN DESEMBOCADURA,0.971,     
1958-12-03,04716001-4,RIO CHOAPA EN LAMAHUIDA,4.8,     
1946-09-24,04716002-2,RIO CHOAPA EN PUENTE FF.CC.,1.63,     
1962-03-01,04716003-0,CANAL TAMELCURA,0.459,*    
1918-01-24,04716004-9,RIO CHOAPA EN PUENTE NEGRO,3.46,     
1962-03-04,04721001-1,RIO ILLAPEL EN LAS BURRAS,1.25,     
1927-05-17,04723001-2,RIO ILLAPEL EN HUINTIL,3.32,     
1983-05-01,04726001-9,RIO ILLAPEL EN EL PERAL,2.45,     
1928-09-01,04726002-7,RIO ILLAPEL EN SANTA CRUZ,3.92,     
1961-12-26,04730001-0,RIO CHOAPA AGUAS ARRIBA ESTERO LA CANELA,22.7,     
1989-10-04,04810001-5,ESTERO PUPIO EN EL ROMERO,0.067,     
2011-09-13,04810005-8,ESTERO PUPIO ANTES QUEBRADA LLAU-LLAU,0.03,*    
2015-03-27,04810006-6,QUEBRADA LLAU-LLAU,0.0,<    
1928-07-03,04900001-4,RIO QUILIMARI EN CHIVATO,0.844,*    
1964-11-19,04901001-K,RIO QUILIMARI EN LOS CONDORES,0.015,     
1929-03-01,04902001-5,RIO QUILIMARI EN RETAMA,0.05,*    
1928-08-06,05100001-3,RIO SOBRANTE EN PIÑADERO,1.43,*    
1962-12-22,05101001-9,RIO PEDERNAL EN TEJADA,0.058,     
1974-06-28,05101002-7,RIO CHALACO EN EMBALSE,0.712,     
1928-08-09,05110001-8,RIO PETORCA EN PETORCA,2.99,     
1979-05-05,05110002-6,RIO PETORCA EN PEÑON O HIERRO VIEJO,0.37,     
1974-06-08,05111003-K,ESTERO LAS PALMAS EN PALQUICO,0.0,<    
1979-05-07,05120001-2,RIO PETORCA EN LONGOTOMA O PUENTE FF,0.218,     
1963-11-30,05200001-7,RIO ALICAHUE EN COLLIGUAY,3.91,     
1925-01-01,05220002-4,RIO LIGUA EN CABILDO,0.15,*    
1964-04-01,05221001-1,RIO LIGUA EN PLACILLA,0.597,     
1979-05-05,05221002-K,RIO LIGUA EN QUINQUIMO,0.44,     
1996-09-09,05320001-K,ESTERO QUINTERO EN VALLE ALEGRE,0.011,     
1913-02-17,05400002-2,RIO JUNCALILLO EN CALAVERAS,0.511,*    
1914-01-16,05401002-8,RIO JUNCAL ANTE JUNTA RIO BLANCO,14.6,     
1913-02-15,05401003-6,RIO JUNCAL EN JUNCAL,9.35,     
1914-01-16,05402001-5,RIO BLANCO EN RIO BLANCO,33.8,     
1984-06-12,05402002-3,CANAL CHACABUCO EN BOCATOMA,0.19,*    
2015-08-27,05402015-5,RIO BLANCO ANTES JUNTA RIO DE LOS LEONES,0.819,     
1970-04-02,05403002-9,RIO ACONCAGUA EN RIO BLANCO,10.6,     
1965-01-30,05403003-7,RIO ACONCAGUA EN LOS QUILOS,14.5,     
2014-04-30,05404001-6,CANAL COLORADO EN BOCATOMA,1.8,     
1929-07-01,05405001-1,RIO LOS RIECILLOS ANTES JUNTA RIO COLORADO,1.29,     
1964-11-01,05406001-7,RIO COLORADO EN COLORADO,3.97,     
1914-05-21,05406002-5,RIO COLORADO ANTES JUNTA RIO ACONCAGUA,2.6,     
1913-10-01,05410001-9,RIO ACONCAGUA EN VIZCACHAS,12.2,     
1936-09-02,05410002-7,RIO ACONCAGUA EN CHACABUQUITO,24.5,     
1962-07-20,05410003-5,CANAL PARRY 2 DESPUES BT ACONCAGUA,3.93,     
1918-11-01,05410005-1,RIO ACONCAGUA EN SAN FELIPE,0.2,<    
2019-11-22,05410024-8,RIO ACONCAGUA EN SAN FELIPE 2,0.01,<    
1930-12-19,05411001-4,ESTERO POCURO EN EL SIFON,2.13,     
1929-11-01,05411002-2,ESTERO POCURO ANTES JUNTA RIO ACONCAGUA,9.0,     
1939-09-01,05414001-0,RIO PUTAENDO EN RESGUARDO LOS PATOS,2.9,     
1962-07-12,05415001-6,ESTERO QUILPUE ANTES JUNTA RIO ACONCAGUA,3.31,     
1929-10-27,05415002-4,ESTERO HUALTATAS EN DESEMBOCADURA,1.47,     
1985-01-22,05420001-3,ESTERO DE LOS CAMPOS EN LAS COMPUERTAS,1.96,     
1962-07-12,05420002-1,ESTERO DE LOS CAMPOS EN ANTES JUNTA RIO ACONCAGUA,3.56,     
1946-08-21,05420004-8,RIO ACONCAGUA EN PANQUEHUE (CA),5.79,     
2019-11-28,05420005-6,ESTERO LO CAMPO EN LO CAMPO (CA),0.151,*    
1962-07-21,05421001-9,ESTERO CATEMU ANTES JUNTA RIO ACONCAGUA,1.77,     
1985-11-01,05421002-7,ESTERO CATEMU EN PUENTE SANTA ROSA,1.34,     
1920-08-24,05421003-5,RIO ACONCAGUA EN CHAGRES,58.8,*    
1962-07-01,05422001-4,ESTERO LAS VEGAS EN DESEMBOCADURA,8.4,     
1962-08-28,05423001-K,CANAL LAS VEGAS EN BOCATOMA,0.754,     
1972-07-01,05423002-8,ESTERO LAS VEGAS AGUAS ABAJO CANAL LAS VEGAS,3.61,*    
1959-07-08,05423003-6,RIO ACONCAGUA EN ROMERAL,34.4,     
1962-07-20,05423004-4,ESTERO ROMERAL ANTES JUNTA RIO ACONCAGUA,1.17,     
1962-07-01,05423005-2,RIO ACONCAGUA EN PANAMERICANA,19.9,*    
1969-01-01,05423006-0,ESTERO RABUCO EN FUNDO RABUCO,0.146,     
1991-06-19,05423008-7,CANAL MELON EN BOCATOMA,0.0,*    
1991-06-19,05423009-5,CANAL COMUNIDAD HIJUELA EN BOCATOMA,0.0,*    
1991-06-19,05423010-9,CANAL COMUNIDAD PURUTUN EN BOCATOMA,0.215,*    
1991-06-19,05423011-7,CANAL PUNTILLA TORREJON EN BOCATOMA,0.069,     
1962-07-19,05424001-5,ESTERO LITRE EN PANAMERICANA,4.86,     
1962-08-02,05425001-0,ESTERO LO ROJAS ANTES JUNTA RIO ACONCAGUA,0.584,     
1962-06-01,05425002-9,RIO ACONCAGUA EN PUENTE LO ROJAS,12.5,     
1962-07-17,05426001-6,RIO ACONCAGUA EN PUENTE BOCO (CA),38.2,     
1963-02-18,05426002-4,RIO ACONCAGUA EN TABOLANGO,2.6,     
1970-12-01,05427003-8,ESTERO DE LIMACHE ANTES JUNTA RIO ACONCAGUA,0.202,     
1936-05-06,05530001-1,ESTERO CARTAGENA DESPUES JUNTA ZARATE,0.01,     
1979-02-27,05701001-0,RIO MAIPO EN LAS HUALTATAS,51.4,     
1962-01-25,05701002-9,RIO MAIPO EN LAS MELOSAS,41.3,     
2017-05-22,05701009-6,RIO MAIPO EN QUELTEHUES,0.798,*    
1914-10-26,05702001-6,RIO VOLCAN EN QUELTEHUES,18.3,     
1969-05-19,05703001-1,RIO YESO EN PIUQUENES,1.38,     
1945-10-12,05703002-K,RIO YESO EN EMBALSE EL YESO,6.42,     
1913-11-01,05703003-8,RIO YESO ANTES JUNTA RIO MAIPO,13.1,*    
1943-12-01,05703004-6,RIO YESO EN MANZANITO,16.6,     
1976-01-26,05703006-2,ESTERO GLACIAR ECHAURREN,0.416,     
1913-11-01,05704001-7,RIO MAIPO EN EL INGENIO,66.1,     
1942-03-01,05704002-5,RIO MAIPO EN SAN ALFONSO,199.0,*    
1977-03-30,05705001-2,RIO COLORADO ANTES JUNTA RIO OLIVARES,12.8,     
2013-11-08,05705002-0,CANAL QUELTEHUE,17.7,     
1977-02-09,05706001-8,RIO OLIVARES ANTES JUNTA RIO COLORADO,11.0,*    
1916-01-01,05707001-3,RIO COLORADO EN MAITENES,83.7,*    
1940-07-25,05707002-1,RIO COLORADO ANTES JUNTA RIO MAIPO,16.9,     
1946-11-12,05710001-K,RIO MAIPO EN EL MANZANO,147.0,*    
1914-09-03,05710002-8,RIO MAIPO EN EL CANELO,81.3,     
1918-09-01,05713001-6,RIO ANGOSTURA EN ANGOSTURA,7.66,     
1962-12-04,05715001-7,RIO PAINE EN LONGITUDINAL,6.76,*    
1981-06-16,05716001-2,RIO ANGOSTURA EN VALDIVIA DE PAINE,24.9,     
2003-04-09,05716003-9,ESTERO PINTUE EN PUENTE PINTUE,0.075,     
1929-11-04,05717002-6,RIO MAIPO EN ISLA DE MAIPO,21.1,     
1963-04-10,05717003-4,RIO MAIPO EN EL ROSARIO,8.64,     
1948-07-05,05717005-0,RIO MAIPO EN NALTAHUA,18.7,*    
1987-02-16,05720001-4,RIO MOLINA ANTES JUNTA SAN FRANCISCO,1.77,*    
1986-11-03,05721001-K,ESTERO YERBA LOCA ANTES JUNTA SAN FRANCISCO,0.965,     
2009-08-05,05721016-8,RIO SAN FRANCISCO ANTES JUNTA ESTERO YERBA LOCA,0.186,     
1952-10-01,05722001-5,ESTERO ARRAYAN EN LA MONTOSA,1.68,     
1948-08-03,05722002-3,RIO MAPOCHO EN LOS ALMENDROS,3.88,*    
1943-02-15,05722003-1,RIO MAPOCHO EN LAS CONDES,5.94,     
1928-05-23,05722004-K,RIO MAPOCHO EN PUENTE NILHUE,2.75,     
1942-10-18,05722006-6,ESTERO ARRAYAN EN DESEMBOCADURA (CA),3.73,*    
2017-08-01,05722007-4,RIO MAPOCHO EN LOS ALMENDROS GPRS,2.52,     
1979-06-01,05730002-7,CANAL SAN CARLOS EN PRINCIPE DE GALES,18.9,     
1961-07-03,05730003-5,CANAL SAN CARLOS EN DESEMBOCADURA RIO MAPOCHO,18.4,     
1928-06-22,05730004-3,ZANJON DE LA AGUADA EN SANTA ROSA,2.49,     
1971-11-17,05730005-1,ZANJON DE LA AGUADA PUENTE PARTICULAR,7.55,     
1968-07-01,05730006-K,ZANJON DE LA AGUADA EN PAJARITOS,7.19,     
1991-02-13,05730008-6,QUEBRADA RAMON EN RECINTO EMOS,0.007,*    
1928-05-20,05730011-6,RIO MAPOCHO EN PTE PUDAHUEL,8.46,     
1943-05-01,05734001-0,ESTERO POLPAICO EN CHICAUMA,0.6,     
1980-11-28,05735001-6,RIO COLINA EN PELDEHUE,3.85,*    
1930-06-01,05735003-2,RIO COLINA SECCION LAS HUACAS,0.12,*    
1930-06-18,05735004-0,CANAL COLINA EN SECCION LAS HUACAS,0.06,     
1959-10-04,05737002-5,RIO MAPOCHO RINCONADA DE MAIPU,21.1,     
1947-06-10,05737005-K,RIO MAPOCHO EN EL MONTE,15.0,     
2016-06-01,05737019-K,RIO MAPOCHO EN EL TREBAL,6.47,     
1976-12-16,05740001-3,RIO MAIPO EN CHIGNIGUE (JUNCAL),21.7,     
1929-04-10,05740002-1,CANAL MAIPO EN CHOCALAN,55.7,*    
1929-06-26,05741001-9,ESTERO PUANGUE EN BOQUERON,0.673,     
1986-10-26,05746001-6,ESTERO PUANGUE EN RUTA 78,3.0,<    
1939-04-19,05748001-7,RIO MAIPO EN CABIMBAO,34.4,*    
1987-04-04,06000001-8,RIO LAS LEGNAS COTA 2150,3.23,     
2006-11-26,06000003-4,RIO LAS LEÑAS ANTE JUNTA RIO CACHAPOAL,17.3,     
1985-09-06,06002001-9,RIO CORTADERAL ANTE JUNTA RIO CACHAPOAL,6.63,*    
1989-06-27,06003001-4,RIO CACHAPOAL 5 KM. AGUAS ABAJO JUNTA CORTADERAL,21.2,*    
1985-11-08,06006001-0,RIO PANGAL EN PANGAL,14.9,     
1914-12-01,06008001-1,RIO CACHAPOAL EN CHICAYAS,42.2,*    
1914-11-27,06008002-K,RIO CACHAPOAL EN COYA,113.0,*    
1920-11-04,06008003-8,RIO COYA EN COYA,10.0,*    
2002-09-26,06008005-4,RIO CACHAPOAL EN PTE TERMAS DE CAUQUENES,24.6,     
2005-07-29,06008009-7,CANAL SAUZAL EN PUENTE TERMAS,47.4,     
1986-02-01,06009001-7,RIO CLARO EN CAMPAMENTO,0.048,     
1983-05-10,06011001-8,ESTERO DE LA CADENA ANTES JUNTA RIO CACHAPOAL,2.76,     
1920-12-01,06013001-9,RIO CLARO EN HACIENDA LAS NIEVES,10.1,     
1933-10-10,06013002-7,CANAL TIPAUME EN PUENTE (SUC CELIS),0.955,     
1994-04-28,06015001-K,RIO CLARO EN TUNCA,34.3,     
1985-10-16,06018001-6,ESTERO ZAMORANO EN PUENTE EL NICHE,15.1,*    
1916-04-19,06018002-4,RIO CACHAPOAL EN PEUMO (BRAZO # 1),34.6,     
1916-04-19,06018003-2,RIO CACHAPOAL EN PEUMO (BRAZO # 2),14.7,     
1916-04-19,06018004-0,RIO CACHAPOAL EN PEUMO (BRAZO # 3),0.362,*    
2002-09-25,06019003-8,RIO CACHAPOAL EN PUENTE ARQUEADO (CA),148.0,     
1970-05-08,06025001-4,RIO TINGUIRIRICA AGUAS ABAJO JUNTA RIO AZUFRE,10.2,     
1970-05-01,06027001-5,RIO CLARO EN EL VALLE,8.11,     
1917-10-01,06027002-3,RIO CLARO EN PUENTE NEGRO,19.2,     
1921-11-01,06028001-0,RIO TINGUIRIRICA BAJO LOS BRIONES,56.0,     
1968-10-31,06033001-8,ESTERO CHIMBARONGO EN CONVENTO VIEJO,3.75,     
2002-10-30,06033009-3,CANAL TENO EN KM. 13.465,42.6,     
2009-07-02,06033011-5,ESTERO CHIMBARONGO EN RUTA 5,7.55,     
1945-04-07,06034001-3,ESTERO CHIMBARONGO EN SANTA CRUZ,12.6,     
2008-04-07,06034022-6,ESTERO CHIMBARONGO BAJO EMBALSE CONVENTO VIEJO,40.4,     
2009-04-05,06034023-4,ESTERO CHIMBARONGO EN PUENTE EL HUAPE,13.2,     
2002-09-27,06035001-9,RIO TINGUIRIRICA EN LOS OLMOS (CA),142.0,     
1970-05-11,06043001-2,ESTERO ALHUE EN QUILAMUTA,0.245,     
1939-11-03,06056001-3,RIO RAPEL EN RAPEL,52.8,     
1985-07-02,06132001-6,ESTERO NILAHUE EN SANTA TERESA,2.7,     
1947-12-11,07100001-K,QUEBRADA MALO EN PUENTE VIEJO,6.45,     
1938-04-01,07102001-0,RIO TENO EN LOS QUEÑES,17.6,     
1985-01-14,07102005-3,RIO TENO BAJO QUEBRADA INFIERNILLO,65.5,*    
1929-05-01,07103001-6,RIO CLARO EN LOS QUEÑES,3.44,     
1959-08-01,07104001-1,ESTERO EL MANZANO ANTES JUNTA RIO TENO,7.09,     
1947-09-29,07104002-K,RIO TENO DESPUES DE JUNTA CON CLARO,47.0,     
1984-12-26,07106001-2,CANAL TENO CHIMBARONGO KM. 1.301,87.9,*    
1917-11-11,07112001-5,RIO COLORADO EN JUNTA CON PALOS,43.4,     
1947-05-01,07115001-1,RIO PALOS EN JUNTA CON COLORADO,12.5,     
1963-02-15,07116001-7,ESTERO UPEO EN UPEO,0.458,     
1951-11-05,07117001-2,RIO LONTUE EN LONGITUDINAL,77.2,     
2017-08-17,07117008-K,RIO LONTUE EN PUENTE EL YACAL,55.9,     
1918-01-01,07119001-3,RIO LONTUE ANTES DE JUNTA,51.6,     
1916-12-01,07119002-1,RIO LONTUE EN LONTUE LO VALDIVIA,67.0,*    
1916-11-24,07120001-9,RIO MATAQUITO EN EL MORRILLO,95.7,     
2017-01-01,07121006-5,RIO MATAQUITO EN PUENTE LA HUERTA,17.5,     
2020-01-23,07121011-1,ESTERO CULENAR EN VILLA PRAT,0.013,     
1987-01-20,07123001-5,RIO MATAQUITO EN LICANTEN,110.0,     
2013-07-01,07200002-1,RIO HUENCHULLAMI EN COIPUE,4.28,     
2004-01-29,07300001-7,RIO MAULE EN DESAGUE LAGUNA DEL MAULE,63.9,     
2002-10-30,07303000-5,RIO MAULE EN LOS BAÑOS,130.0,     
2002-10-31,07306001-K,RIO CIPRESES EN DASAGUE LAGUNA LA INVERNADA,12.9,     
2017-10-12,07307000-7,RIO COLORADO EN CURILLINQUE,17.4,*    
2002-09-26,07308000-2,CANAL AD. MAULE C. PEHUENCHE,115.0,     
2002-09-13,07308001-0,ESTERO LAS GARZAS,0.2,<    
2003-01-10,07308002-9,RIO MAULE BAJO BOCA TOMA MAULE CENTRAL PEHUENCHE,113.0,     
2002-12-13,07308003-7,CANAL LAS GARZAS,0.981,     
1962-05-10,07314001-3,RIO HUAIQUIVILO EN HUAIQUIVILO,10.3,     
1916-03-01,07317001-K,RIO MELADO EN LA LANCHA DGA,66.7,     
2002-09-06,07317002-8,CANAL MELADO EN LOS HIERROS,0.002,*    
2002-12-20,07317003-6,RIO MELADO EN ZONA DE PRESA,82.6,     
2003-04-15,07317005-2,RIO MELADO EN EL SALTO,18.3,     
2019-06-03,07317006-0,CANAL MELADO EN C. HIDROELECTRICA LOS HIERROS I,23.9,*    
2002-10-30,07320003-2,RIO CLARO EN SAN CARLOS,48.5,     
1947-09-01,07321002-K,RIO MAULE EN ARMERILLO,125.0,     
1967-01-18,07321003-8,CANAL MAULE NORTE EN AFORADOR,42.1,     
1928-11-05,07321004-6,CANAL MAULE EN BOCATOMA,13.7,     
2002-09-05,07321005-4,CANAL DE EVACUACION C. PEHUENCHE,333.0,     
2004-08-25,07321007-0,CANAL MAULE NORTE ALTO EN PASO NEVADO,0.3,     
1962-08-02,07322001-7,RIO MAULE EN LONGITUDINAL,115.0,     
1971-11-05,07322002-5,CANAL MAULE SUR EN AFORADOR,37.9,     
1982-08-01,07322003-3,CANAL MAULE SUR EN LOS LIRIOS,4.75,     
1954-01-02,07322004-1,RIO MAULE EN COLBUN,782.0,     
2004-08-04,07322005-K,CANAL DE RESTITUCION SUR 2,0.615,     
2004-08-04,07322006-8,CANAL DE RESTITUCION SUR 3,0.444,     
2004-08-26,07322007-6,CANAL SAN CLEMENTE,0.783,<    
2004-07-30,07322008-4,CANAL DUAO ZAPATA,1.69,     
1930-09-02,07330001-0,RIO PERQUILAUQUEN EN SAN MANUEL,131.0,*    
1947-10-12,07331001-6,RIO CATO EN DIGUA,2.56,     
2011-10-18,07331004-0,CANAL ALIMENTADOR DIGUA,20.4,     
1967-03-10,07332001-1,RIO PERQUILAUQUEN EN GNIQUEN,2.76,     
1963-02-20,07335001-8,RIO PERQUILAUQUEN EN QUELLA,0.38,*    
1968-01-12,07335002-6,ESTERO CURIPEUMO EN LO HERNANDEZ,0.087,     
1968-07-02,07335003-4,RIO PERQUILAUQUEN EN SANTA EMA,10.0,     
1945-03-14,07336001-3,RIO CAUQUENES EN EL ARRAYAN,0.8,     
1945-03-05,07337001-9,RIO TUTUVEN EN EL ROBLE,0.238,     
1986-04-16,07339001-K,RIO CAUQUENES EN DESEMBOCADURA,0.776,     
1968-04-16,07340001-5,ESTERO CARDO VERDE EN LO UBALDO,0.0,<    
1957-02-28,07341001-0,RIO PURAPEL EN NIRIVILO,0.0,<    
2018-04-12,07341003-7,QUEBRADA PASITOS EN SANTA OLGA,0.01,     
1951-09-04,07342001-6,RIO PURAPEL EN PURAPEL,7.54,*    
1981-06-02,07343001-1,RIO PURAPEL EN SAUZAL,78.1,     
1937-04-20,07350001-K,RIO LONGAVI EN LA QUIRIQUINA,8.78,     
1926-12-17,07350002-8,RIO BULLILEO EN SANTA FILOMENA,2.46,     
1964-05-21,07350003-6,RIO LONGAVI EN EL CASTILLO,8.28,     
1940-08-03,07350004-4,RIO BULLILEO EN PORTAL TUNEL,22.6,     
1929-07-22,07350005-2,RIO LONGAVI ANTES JUNTA BULLILEO,36.3,     
1963-07-30,07351001-5,RIO LONGAVI EN LONGITUDINAL,99.6,     
2012-04-02,07351002-3,CANAL PRIMERA ABAJO,0.234,     
2011-09-07,07352004-5,CANAL MAITENES EN BOCATOMA,0.202,<    
1947-03-22,07354001-1,RIO ACHIBUENO EN LOS PEGNASCOS,12.5,     
1986-11-01,07354002-K,RIO ACHIBUENO EN LA RECOVA,51.8,     
1962-12-16,07355001-7,RIO ANCOA EN EL LLEPO,0.348,     
1952-06-12,07355002-5,RIO ANCOA EN EL MORRO,12.2,     
1961-11-30,07355003-3,RIO ANCOA ANTES TUNEL CANAL MELADO,10.4,     
1916-05-01,07355004-1,RIO ANCOA EN LAS MINAS,3.25,     
1947-03-18,07355005-K,RIO ANCOA EN LAS VEGAS,6.71,     
2000-04-26,07355008-4,CANAL ROBLERIA ANTE BOCATOMA ANCOA,1.28,     
1975-07-22,07356001-2,RIO ACHIBUENO EN SAN FRANCISCO,101.0,     
1963-05-23,07357001-8,RIO LONCOMILLA EN EN EMBOQUE,234.0,     
1967-05-05,07357002-6,RIO LONCOMILLA EN BODEGA,25.5,     
1946-04-14,07358001-3,RIO PUTAGAN EN YERBAS BUENAS,11.5,     
1916-05-01,07358002-1,RIO PUTAGAN EN PUTAGAN,0.324,     
1946-11-01,07358003-K,RIO PUTAGAN EN SANTA ROSA,10.6,     
2005-02-28,07358010-2,CANAL DE RESTITUCION SUR 1,30.8,>    
1975-05-22,07359001-9,RIO LONCOMILLA EN LAS BRISAS,92.7,     
1948-06-10,07359003-5,RIO LONCOMILLA EN SAN JAVIER,760.0,     
1928-12-01,07361001-K,RIO MAULE EN LONCOMILLA,82.3,     
1936-03-01,07372001-K,RIO CLARO EN CAMARICO,6.8,     
1915-10-06,07372002-8,RIO CLARO EN PUENTE CIMBRA,26.4,     
1961-12-18,07374001-0,RIO LIRCAY EN PUENTE LAS RASTRAS,1.44,     
1996-10-17,07374002-9,CANAL MAULE NORTE BAJO SECCION 1,2.83,     
1996-10-21,07374003-7,CANAL MAULE NORTE BAJO SECCION 2,15.7,     
2017-01-01,07375000-8,ESTERO PICAZO EN HUAPI,5.53,     
2016-02-28,07376003-8,CANAL PENCAHUE EN BOCATOMA RIO LIRCAY,8.02,     
2000-10-17,07378011-K,CANAL MAULE NORTE BAJO EN PUENTE CENTINELA,9.68,     
2004-07-29,07378012-8,QUEBRADA COLORADO EN DESAGÜE LAGUNA LOS TEMOS,0.982,     
2004-08-05,07378013-6,QUEBRADA COLORADO BAJO SISTEMA MAITENES,1.11,     
1958-11-26,07379001-8,RIO CLARO EN TALCA,32.6,     
1999-02-16,07379002-6,RIO CLARO EN RAUQUEN,30.3,     
2016-11-01,07379005-0,RIO LIRCAY EN CARRETONES,5.51,     
1986-02-20,07381001-9,ESTERO LOS PUERCOS EN PUENTE LOS PUERCOS,0.005,<    
1915-10-01,07382001-4,RIO MAULE EN CUESTA CULENAR,402.0,*    
1985-01-02,07383001-K,RIO MAULE EN FOREL,895.0,*    
1987-07-03,07400001-0,RIO LOANCO EN DESEMBOCADURA,0.592,     
2018-05-03,07440000-0,RIO CHOVELLEN EN EL RISCO,0.402,*    
1966-10-31,08104001-K,RIO SAUCES ANTES JUNTA CON ÑUBLE,73.5,*    
1957-04-06,08105001-5,RIO ÑUBLE EN LA PUNILLA,14.6,     
2018-07-11,08105006-6,RIO ÑUBLE EN LA PUNILLA 2,64.7,     
1946-05-01,08106001-0,RIO ÑUBLE EN SAN FABIAN,23.0,     
1999-03-03,08106002-9,RIO ÑUBLE EN SAN FABIAN N 2,11.4,     
1939-03-22,08110001-2,RIO GNUBLE EN BALSA DE LOS SEPULVEDA,30.8,*    
1971-02-02,08112001-3,RIO NIBLINTO ANTES CANAL ALIMENTADOR EMB. COIHUECO,1.88,     
1971-09-10,08112002-1,CANAL ALIMENTADOR EMBALSE COIHUECO EN BOCATOMA,5.27,     
1971-08-27,08112003-K,CANAL ALIM.EMBALSE COIHUECO EN LOS OLIVO,3.04,     
1956-09-12,08114001-4,RIO CATO EN PUENTE CATO,35.1,     
1956-09-12,08115001-K,RIO GNUBLE EN LONGITUDINAL,161.0,     
1958-02-14,08117001-0,RIO CHILLAN EN LONGITUDINAL,0.058,*    
1939-03-03,08117004-5,RIO CHILLAN EN ESPERANZA,7.28,     
1956-09-29,08117005-3,RIO CHILLAN EN CAMINO A CONFLUENCIA,19.3,     
2003-11-27,08117006-1,RIO CHILLAN EN ESPERANZA N 2,6.0,     
1957-07-19,08117008-8,RIO QUILMO EN CAMINO A YUNGAY (CA),2.5,     
2008-02-02,08117009-6,CANAL DE LA LUZ EN CHILLAN,0.266,     
1956-10-01,08118001-6,RIO CHANGARAL CAMINO A PORTEZUELO,6.24,     
1965-06-28,08119001-1,RIO GNUBLE EN CUCHA COX,469.0,     
1956-11-01,08119002-K,RIO ÑUBLE EN CONFLUENCIA,0.0,<    
1957-11-06,08122001-8,CANAL ZAÑARTU SALIDA LAGUNA TRUPAN,0.899,     
1924-01-22,08123001-3,RIO ITATA EN CHOLGUAN,17.9,     
1958-09-10,08123002-1,CANAL ZAÑARTU BOCATOMA ITATA,3.08,*    
1928-06-23,08123003-K,RIO CHOLGUAN EN CHOLGUAN,54.5,     
1956-01-05,08124001-9,RIO ITATA EN GENERAL CRUZ,59.5,     
1957-11-11,08124002-7,RIO ITATA EN TRILALEO,14.4,     
1940-03-01,08130001-1,RIO RENEGADO EN INVERNADA,2.56,     
1946-05-23,08130002-K,RIO DIGUILLIN EN SAN LORENZO (ATACALCO),15.5,     
1939-01-20,08131001-7,RIO DIGUILLIN EN BALSA ZAPALLAR,16.1,     
1956-09-21,08132001-2,RIO DIGUILLIN EN LONGITUDINAL,56.7,     
1956-09-14,08133001-8,RIO ITATA EN CERRO NEGRO,98.2,     
1946-06-15,08133002-6,RIO ITATA EN LIUCURA,31.5,     
1985-10-01,08134002-1,RIO LARQUI EN CAMINO YUNGAY,1.29,     
1985-01-16,08134003-K,RIO LARQUI EN SANTA CRUZ DE CUCA,2.18,     
1924-02-01,08135001-9,RIO ITATA EN CONFLUENCIA,22.4,     
1956-09-12,08135002-7,RIO ITATA EN BALSA NUEVA ALDEA,103.0,     
2006-06-20,08140002-4,RIO ITATA EN PASO HONDO,840.0,     
1985-08-06,08141001-1,RIO ITATA EN COELEMU,324.0,     
1985-10-08,08144001-8,RIO LONQUEN EN TREHUACO,3.28,     
1985-03-01,08210001-6,RIO PINGUERAL EN DICHATO,1.05,*    
2009-05-01,08210003-2,ESTERO BELLAVISTA EN TOMÉ,8.03,     
1960-11-01,08220001-0,RIO ANDALIEN CAMINO A PENCO,9.04,     
2009-03-11,08220008-8,ESTERO NONGUEN FRENTE U. DEL BIO BIO,0.091,<    
2010-01-01,08220009-6,RIO ANDALIEN EN PUENTE TRINITARIAS,17.7,*    
2015-01-01,08220010-K,RIO ANDALIEN ANTES EX PEAJE CHAIMAVIDA,1.65,     
1985-03-28,08304001-7,RIO LONQUIMAY ANTES JUNTA RIO BIO BIO,12.2,     
2003-02-05,08307002-1,RIO BIO-BIO EN LLANQUEN,59.5,     
2013-12-01,08308000-0,RIO LOMIN EN PUENTE LA JUNTA,16.2,*    
2002-12-06,08312000-2,RIO BIO BIO EN ANGOSTURA RALCO 1,488.0,     
2002-12-07,08312001-0,RIO BIO BIO ANTE JUNTA HUIRI HUIRI,472.0,     
2002-12-04,08313000-8,RIO PANGUE EN CAPTACION,12.1,     
2002-12-04,08313001-6,RIO BIO BIO ANTE JUNTA PANGUE,510.0,     
2013-12-22,08316002-0,RIO HUEQUECURA AGUAS ARRIBA DE EMBALSE ANGOSTURA,1.23,     
1937-06-01,08317001-8,RIO BIOBIO EN RUCALHUE,765.0,     
1942-12-10,08317002-6,RIO LIRQUEN EN CERRO EL PADRE,3.03,     
2013-12-22,08317004-2,RIO BIOBIO EN LA CULEBRA,110.0,     
2014-04-24,08317005-0,RIO BIOBIO EN PUENTE PIULO,94.3,     
1971-11-01,08318001-3,CANAL BIOBIO SUR EN KM 7,28.2,     
1965-04-05,08319001-9,RIO BIOBIO EN LONGITUDINAL,114.0,*    
1962-07-01,08323001-0,RIO DUQUECO EN CERRILLOS,85.6,     
1941-01-01,08323002-9,RIO DUQUECO EN VILLUCURA,30.0,     
2011-01-25,08324002-4,ESTERO PAILLIHUE EN EX LONGITUDINAL SUR,1.02,     
1937-03-23,08330001-9,RIO MULCHEN EN MULCHEN,3.89,     
1929-05-12,08332001-K,RIO BUREO EN MULCHEN,15.7,     
2012-02-09,08333003-1,RIO BUREO EN PUENTE ACCESO A MULCHEN,5.62,     
1928-11-23,08334001-0,RIO BIOBIO EN COIHUE,285.0,     
1948-04-01,08341001-9,RIO RENAICO EN JAUJA,5.5,     
1982-06-18,08342001-4,RIO RENAICO EN LONGITUDINAL,65.4,     
1963-06-01,08343001-K,RIO MININCO EN LONGITUDINAL,2.5,     
1960-06-01,08350001-8,RIO MALLECO EN DESAGÜE MALLECO,2.94,     
1920-02-19,08351001-3,RIO MALLECO EN COLLIPULLI,3.81,*    
1920-02-14,08352001-9,RIO MALLECO EN LOLENCO,1.15,     
1929-06-11,08355001-5,RIO LOS SAUCES EN LAS BALSAS,10.9,     
1997-07-01,08356001-0,RIO RAHUE EN QUEBRADA CULEN,20.2,     
1964-01-01,08358001-1,RIO VERGARA EN TIJERAL,12.4,*    
1928-04-18,08359001-7,RIO VERGARA EN NACIMIENTO,152.0,     
1988-04-01,08362001-3,RIO NICODAHUE EN PICHUN,12.8,     
2007-10-01,08366002-3,ESTERO QUILQUE EN LOS ANGELES,2.26,     
2003-01-16,08370006-8,CANAL ALTO POLCURA,0.0,*    
2003-03-31,08371001-2,CANAL DE DESCARGA CENTRAL ANTUCO,134.0,     
2002-11-19,08372002-6,RIO POLCURA EN CUATRO JUNTA,0.007,<    
2003-07-01,08374002-7,CANAL DE DESCARGA CENTRAL EL TORO,35.0,     
2003-08-07,08375001-4,RIO POLCURA  A. DESC. CENTRAL EL TORO,30.7,     
2003-08-06,08375002-2,CANAL ABANICO EN KM 049,35.2,     
2003-06-11,08375004-9,CANAL ZAÑARTU DESPUES BOCATOMA RIO LAJA,4.3,     
2003-08-10,08375005-7,CANAL COLLAO,0.091,     
2003-01-31,08375006-5,CANAL MIRRIHUE,3.44,     
1983-11-18,08376001-K,RIO RUCUE EN CAMINO A ANTUCO,9.34,*    
1916-03-01,08380001-1,RIO LAJA EN TUCAPEL,97.7,     
1933-10-12,08380002-K,CANAL LAJA CAMINO A TUCAPEL,1.75,*    
1993-10-01,08380003-8,CANAL SIBERIA EN BOCATOMA (REC.R.LAJA),1.26,     
2004-12-01,08380005-4,CANAL LAJA-DIGUILLÍN,10.9,     
2015-01-01,08380006-2,RIO LAJA EN TUCAPEL 2,13.9,     
1958-11-27,08381001-7,RIO LAJA EN EL SALTO,69.2,     
1914-05-04,08381002-5,RIO LAJA EN CURANILAHUE,90.0,*    
2009-08-01,08381003-3,RIO LAJA AG.ARR. DEL SALTO (REC.R.LAJA),24.2,     
1993-10-01,08381004-1,CANAL BATUCO EN BOCATOMA,1.8,     
1993-10-01,08381006-8,CANAL LA MANCHA EN BOCATOMA (REC.LAJA),1.05,*    
1993-10-01,08381007-6,ESTERO ZANJON SECO A.J. LAJA (REC.LAJA),0.54,*    
1993-10-01,08381008-4,CANAL DUEÑAS EN BOCATOMA (REC.LAJA),0.0,*    
1993-10-01,08381009-2,CANAL SALTOS LA AGUADA EN BOCATOMA (REC.R.LAJA),2.27,*    
1993-10-01,08381010-6,RIO LAJA EN PTE.LONGITUDINAL (REC.LAJA),147.0,     
1993-10-01,08381011-4,ESTERO BATUCO A.J. LAJA (REC.R.LAJA),2.8,     
1993-11-22,08382001-2,ESTERO CACHAPOAL A.J. LAJA (REC.R.LAJA),0.274,     
1993-10-01,08382002-0,CANAL QUILALES EN BOCATOMA (REC.R.LAJA),0.0,*    
1993-10-01,08382003-9,CANAL MORALES EN BOCATOMA (REC.R.LAJA),0.0,*    
1993-10-01,08382004-7,ESTERO CALIBORO A.J. LAJA (REC.R.LAJA),9.17,     
1957-08-28,08383001-8,RIO LAJA EN PUENTE PERALES,411.0,*    
1993-10-01,08383002-6,ESTERO POTRERADA A.J.LAJA (REC.R.LAJA),0.625,     
1985-01-09,08385001-9,RIO CLARO EN CAMINO YUMBEL-ESTACION,5.12,     
1983-11-04,08385002-7,RIO CLARO EN PUENTE CLARO,6.6,     
1993-10-01,08385003-5,RIO CLARO EN ESTAC. RIO CLARO (REC.LAJA),9.84,     
1971-04-01,08386001-4,RIO LAJA EN SAN ROSENDO,79.2,     
1993-10-01,08386002-2,RIO LAJA EN LA CANTERA (REC.R.LAJA),205.0,     
2009-05-21,08393002-0,ESTERO HUALQUI EN DESEMBOCADURA,2.86,     
1970-09-24,08394001-8,RIO BIOBIO EN DESEMBOCADURA,1064.0,     
1985-03-01,08430001-2,RIO LARAQUETE EN EL CAJON,0.46,     
1970-12-15,08530001-6,RIO CARAMPANGUE EN CARAMPANGUE,23.5,     
2009-06-01,08700002-8,RIO CURANILAHUE EN CURANILAHUE,0.226,<    
2009-06-25,08700003-6,ESTERO PLEGARIAS ANTES DE JTA RIO CURANILAHUE,0.78,     
1963-05-17,08720001-9,RIO LEBU EN LAS CORRIENTES (EN LOS ALAMOS),0.836,*    
1953-02-17,08820001-2,RIO CARAMAVIDA EN CARAMAVIDA,1.71,     
1950-08-10,08821001-8,RIO CAYUCUPIL EN CAYUCUPIL,9.7,     
1950-08-10,08821002-6,RIO BUTAMALAL EN BUTAMALAL,4.35,     
1950-09-29,08821003-4,RIO REPUTO EN REPUTO,0.7,     
2009-06-25,08821006-9,RIO LEIVA EN PUENTE CAMINO A CONTULMO,17.5,     
1953-12-06,08822001-3,RIO TUCAPEL EN CAGNETE,5.64,     
1987-08-01,08822002-1,RIO ELICURA EN PUENTE ELICURA,5.76,     
1972-04-01,08910001-1,RIO LLEU-LLEU EN DESAGUE LAGO LLEU-LLEU,6.4,     
1948-02-07,09101001-1,RIO PUREN EN TRANAMAN,2.39,*    
1994-09-01,09101002-K,RIO PUREN EN PUREN,9.73,     
1947-10-18,09102001-7,RIO LUMACO EN LUMACO,50.7,     
1948-02-09,09102002-5,RIO LUMACO EN SAN GERARDO,3.0,     
1947-10-17,09103001-2,RIO LUMACO EN CHANCO,31.2,     
1950-10-24,09104001-8,RIO TRAIGUEN EN VICTORIA,3.7,     
1987-01-01,09104002-6,RIO DUMO EN SANTA ANA,0.45,     
1982-09-10,09105001-3,RIO TRAIGUEN EN TRAIGUEN,33.9,     
1959-08-22,09106001-9,RIO QUINO EN LONGITUDINAL,34.5,     
1987-08-25,09107001-4,ESTERO CHUFQUEN EN CHUFQUEN,48.3,     
1969-09-01,09107002-2,ESTERO CHANCO CAMINO CURACAUTIN,1.53,     
1959-08-18,09111001-6,RIO QUILLEN EN LONGITUDINAL,23.4,     
1959-09-29,09113001-7,RIO QUILLEN EN GALVARINO,39.8,     
2016-09-09,09115000-K,RIO REPOCURA EN CHACAICO,27.6,     
1929-03-01,09116001-3,RIO CHOLCHOL EN CHOLCHOL,19.3,     
1928-11-14,09118001-4,RIO CHOLCHOL EN NUEVA IMPERIAL,35.7,     
1986-10-22,09122002-4,RIO BLANCO EN CURACAUTIN,6.37,     
1929-03-01,09123001-1,RIO CAUTIN EN RARI-RUCA,32.5,     
2018-07-09,09123003-8,RIO COLLIHUANQUI EN CAMINO A CURACAUTIN,5.05,     
1996-07-27,09126001-8,RIO COLLIN EN CODAHUE,6.39,     
1950-03-07,09127001-3,RIO MUCO EN PUENTE MUCO,2.2,*    
1923-12-09,09129001-4,RIO CAUTIN EN TEMUCO,150.0,     
1949-03-03,09129002-2,RIO CAUTIN EN CAJON,58.1,     
2016-07-01,09129008-1,ESTERO BOTROLHUE EN TEMUCO,0.249,     
2015-09-22,09129009-K,ESTERO BOTROLHUE EN LABRANZA,0.884,     
2017-01-27,09130002-8,RIO CALBUCO EN RUTA INTERLAGOS,2.63,     
1946-03-23,09131001-5,RIO QUEPE EN VILCUN,19.9,     
1985-01-17,09134001-1,RIO HUICHAHUE EN FAJA 24000,2.49,     
1929-12-13,09135001-7,RIO QUEPE EN QUEPE,52.9,     
1965-05-16,09140001-4,RIO CAUTIN EN ALMAGRO,293.0,*    
2016-05-16,09151002-2,RIO DAMAS EN CARAHUE,1.33,     
2015-01-27,09400000-9,RIO TRUFUL EN CAMINO INTERNACIONAL,28.2,     
1985-01-17,09402001-8,RIO ALLIPEN EN MELIPEUCO,73.4,     
1952-07-09,09402002-6,ESTERO MELIPEUCO,14.3,     
1946-03-18,09404001-9,RIO ALLIPEN EN LOS LAURELES,119.0,     
1986-10-31,09405001-4,RIO CURACO EN COLICO,22.7,     
2016-05-03,09405007-3,RIO TRAFAMPULLI EN RINCONADA,3.44,     
1929-04-09,09406001-K,RIO ALLIPEN EN ALLIPEN,115.0,     
1968-09-01,09412001-2,RIO TRANCURA EN CURARREHUE,22.7,     
1970-10-01,09414001-3,RIO TRANCURA ANTES RIO LLAFENCO,124.0,     
1971-10-01,09416001-4,RIO LIUCURA EN LIUCURA,35.8,     
2018-04-01,09418001-5,RIO PUCON EN BALSEADERO QUELHUE (CA),67.9,*    
1929-03-05,09420001-6,RIO TOLTEN EN VILLARICA,142.0,     
2015-03-28,09421002-K,RIO VOIPIR EN PUENTE VOIPIR,2.04,     
1946-12-14,09422001-7,RIO PEDREGOSO EN SANTA FILOMENA,6.66,     
1929-12-16,09423001-2,RIO TOLTEN EN COIPUE,292.0,     
1928-04-15,09430001-0,RIO TOLTEN EN PITRUFQUEN,255.0,     
1947-10-07,09433001-7,RIO PUYEHUE EN QUITRATUE,6.83,     
1947-10-08,09433002-5,ESTERO PUYEHUE EN LASTARRIA,2.74,     
1947-10-06,09434001-2,RIO DONGUIL EN GORBEA,36.3,     
1987-03-17,09436001-3,RIO MAHUIDANCHE EN SANTA ANA,2.28,     
1948-01-01,09437001-9,RIO TOLTEN EN HUILO,294.0,     
1991-02-12,09437002-7,RIO TOLTEN EN TEODORO SCHMIDT,188.0,     
1941-02-10,10100001-K,RIO HUAHUM EN DESEMBOCADURA LAGO PIRIHUEICO,21.9,     
1926-03-01,10100002-8,RIO FUI EN DESAGÜE LAGO PIRIHUEICO,17.0,     
2002-04-16,10100006-0,RIO HUAHUM EN LA FRONTERA,29.0,     
1986-07-22,10102001-0,RIO LIQUIÑE EN LIQUIÑE,24.6,     
2017-05-18,10107003-4,CANAL HUENINCA EN DESAGÜE LAGO CALAFQUEN,42.7,     
2017-06-26,10110002-2,RIO ENCO EN DESAGÜE LAGO PANGUIPULLI,528.0,     
1929-01-01,10111001-K,RIO SAN PEDRO EN DESAGUE LAGO RINIHUE,201.0,     
1929-01-01,10113001-0,RIO SAN PEDRO EN MALIHUE,243.0,     
2018-01-11,10113003-7,RIO SAN PEDRO EN PUCONO,396.0,     
1987-02-01,10121001-4,RIO COLLILEUFU EN LOS LAGOS,6.56,     
1987-02-01,10122001-K,RIO CALLE CALLE EN BALSA SAN JAVIER,131.0,     
1928-12-07,10122002-8,RIO CALLE CALLE EN ANTILHUE,593.0,     
2007-03-08,10122003-6,RIO CALLE CALLE EN PUPUNAHUE,150.0,     
2012-08-30,10133000-1,RIO LEUFUCADE EN PURULON,26.3,     
1969-05-01,10134001-5,RIO CRUCES EN RUCACO,98.0,     
1929-01-24,10135001-0,RIO CRUCES EN PAICO,134.0,     
1928-02-20,10137001-1,RIO INAQUE EN MAFIL,3.31,*    
1926-07-05,10138001-7,RIO INAQUE EN PUTABLA,81.0,*    
1992-03-01,10140001-8,RIO SANTO DOMINGO EN RINCONADA DE PIEDRA,2.04,     
1968-07-01,10142001-9,RIO FUTA EN PUENTE CHIFLON,24.0,     
1926-07-08,10142002-7,RIO FUTA EN FUTA,90.1,*    
2002-05-23,10142003-5,RIO FUTA EN TRES CHIFLONES,306.0,*    
1986-07-01,10304001-9,RIO CALCURRUPE EN DESEMBOCADURA,342.0,     
1997-01-01,10305001-4,RIO CAUNAHUE CAMINO A LLIFEN,89.8,>    
1987-08-01,10306001-K,RIO NILAHUE EN MAYAY,45.5,     
1926-07-11,10311001-7,RIO BUENO EN BUENO,375.0,     
1928-03-06,10313001-8,RIO LLOLLELHUE EN LA UNION,15.1,     
2009-07-22,10322003-3,RIO GOL GOL EN PUENTE Nº 2,48.0,     
2001-07-30,10327001-4,RIO CHIRRE ANTES JUNTA RIO PILMAIQUEN,70.0,     
1929-03-23,10328001-K,RIO PILMAIQUEN EN SAN PABLO,59.1,     
1928-12-15,10330001-0,RIO BUENO EN TRUMAO,256.0,     
1986-02-01,10340001-5,RIO RAHUE EN DESAGUE LAGO RUPANCO,53.5,     
1987-08-01,10343001-1,RIO COIHUECO ANTES JUNTA PICHICOPE,48.5,     
2008-02-21,10343002-K,RIO COIHUECO ANTES JUNTA RIO RAHUE,6.24,     
1929-03-09,10344001-7,RIO RAHUE EN CANCURA,146.0,     
2008-05-01,10344003-3,RIO RAHUE ANTES JUNTA RIO NEGRO,69.3,     
2008-06-25,10344004-1,RIO RAHUE EN CHAN CHAN,143.0,     
2000-05-30,10351001-5,RIO TORO EN TEGUALDA,3.48,     
2015-01-19,10355003-3,RIO FORRAHUE EN RIO NEGRO,0.272,     
1986-03-01,10356001-2,RIO NEGRO EN CHAHUILCO,12.7,     
1926-07-13,10360001-4,RIO RAHUE EN OSORNO,313.0,     
1986-02-01,10362001-5,RIO DAMAS EN TACAMO,0.922,     
1991-12-04,10363002-9,RIO FORRAHUE EN AROMOS,0.752,     
1986-02-27,10364001-6,RIO RAHUE EN FORRAHUE,110.0,     
2000-06-09,10401001-6,RIO TRANALLAGUIN EN CARRICO,59.1,     
1988-10-01,10405001-8,RIO HUEYUSCA EN NAPECO,12.4,     
2001-08-30,10405002-6,RIO HUEYUSCA EN CAMARONES,32.7,     
2008-05-01,10405005-0,RIO LA PLATA ANTES JUNTA RIO HUEYUSCA,2.05,     
1976-07-02,10411001-0,CANAL DESAGUE AEROPUERTO TEPUAL,0.862,     
1989-04-25,10411002-9,RIO NEGRO EN LAS LOMAS,3.48,     
1929-03-12,10411003-7,RIO MAULLIN EN LLANQUIHUE (EFLUENTE),64.5,     
1995-08-24,10414001-7,RIO MAULLIN EN LAS QUEMAS,145.0,     
2002-10-17,10431000-1,RIO BLANCO ANTE JUNTA RIO CHAMIZA,4.6,     
2002-10-17,10431001-K,RIO LENCA BAJO BOCATOMA,8.77,     
2002-10-15,10432002-3,RIO CHAMIZA ANTE JUNTA RIO CHICO,161.0,*    
2003-03-14,10432003-1,RIO CHICO ANTE RIO CHAMIZA,4.18,     
2002-12-06,10440000-0,CAPTACION LENCA,1.96,     
1940-02-02,10454001-5,RIO PETROHUE EN DESAGUE LAGO TODOS LOS SANTOS,112.0,     
2001-05-27,10503001-0,RIO MANSO ANTES JUNTA RIO PUELO,587.0,     
2001-07-24,10514001-0,RIO PUELO ANTES JUNTA CON MANSO,282.0,     
2002-05-30,10520001-3,RIO PUELO EN DESAGUE LAGO TAGUA TAGUA,899.0,     
2003-03-02,10523002-8,RIO PUELO EN CARRERA BASILIO,194.0,     
2015-01-01,10683002-9,RIO BLANCO EN CHAITEN,7.81,*    
2001-07-13,10701002-5,RIO ESPOLON EN DESAGUE LAGO ESPOLON,52.5,     
1972-05-01,10702001-2,RIO FUTALEUFU EN FUTALEUFU,154.0,     
2001-07-13,10702002-0,RIO FUTALEUFU EN LA FRONTERA,366.0,     
2002-04-10,10704002-1,RIO FUTALEUFU ANTE JUNTA RIO MALITO,364.0,     
1990-02-01,10903001-5,RIO VILCUN EN BEL-BEN,2.73,     
1990-07-31,10904001-0,RIO GRANDE EN SAN PEDRO,71.4,*    
1959-02-01,11020001-3,ESTERO LOPEZ ANTES JUNTA RIO ENCUENTRO,3.94,     
1959-02-01,11020002-1,RIO ENCUENTRO ANTES JUNTA ESTERO LOPEZ,1.43,     
1959-01-22,11020003-K,RIO ENCUENTRO DESPUES DE CONFLUENCIA,1.22,     
2001-07-12,11020004-8,RIO TIGRE EN LA FRONTERA,21.3,     
2001-07-11,11020005-6,RIO PALENA EN LA FRONTERA,24.5,     
1999-06-13,11040001-2,RIO PALENA BAJO JUNTA ROSSELOT,1263.0,     
1991-09-21,11130001-1,RIO VENTISQUERO EN CARRETERA AUSTRAL,25.0,     
1984-12-12,11141001-1,RIO CISNES EN ESTANCIA RIO CISNES,11.7,     
1988-08-25,11143001-2,RIO CISNES ANTES JUNTA RIO MORO,43.4,     
1988-06-28,11143002-0,RIO MORO ANTES JUNTA RIO CISNES,22.3,     
2001-04-23,11147001-4,RIO CISNES EN PUERTO CISNES,110.0,     
1991-09-21,11147002-2,RIO GRANDE EN CARRETERA AUSTRAL,20.4,     
1985-02-23,11151001-6,RIO CUERVO EN DESEMBOCADURA,112.0,*    
1980-06-18,11302001-6,RIO ÑIREGUAO EN VILLA MAÑIGUALES,83.5,     
1980-06-18,11307001-3,RIO EMPERADOR GUILLERMO ANTES JUNTA MAÑIGUALES,37.5,     
1970-05-06,11308001-9,RIO MAGNIGUALES ANTES JUNTA RIO SIMPSON,116.0,     
1979-05-25,11310001-K,RIO HUEMULES FRENTE CERRO GALERA,6.92,     
1979-05-23,11310002-8,RIO OSCURO EN CAMINO CERRO PORTEZUELO,7.3,     
1979-05-23,11310003-6,RIO BLANCO CHICO ANTES JUNTA OSCURO,5.98,     
1979-11-06,11312001-0,RIO BLANCO ANTES JUNTA HUEMULES,30.4,*    
1979-11-22,11314001-1,RIO POLLUX ANTES JUNTA SIMPSON,9.24,     
1984-05-01,11315001-7,RIO CLARO EN PISICULTURA,13.1,*    
1979-10-11,11316001-2,RIO COYHAIQUE EN TEJAS VERDES,13.7,     
1969-04-16,11317001-8,RIO SIMPSON BAJO JUNTA COYHAIQUE,48.6,     
1970-01-01,11318001-3,RIO SIMPSON ANTES JUNTA RIO MAGNIGUALES,54.0,*    
1985-02-01,11332001-K,DESAGUE EN LAGO MONREAL EN DESAGUE,0.438,     
1969-07-01,11335001-6,RIO BLANCO BAJO JUNTA RIESCO,220.0,*    
1985-02-22,11335002-4,RIO BLANCO EN DESAGUE LAGO CARO,87.7,     
1998-11-01,11337001-7,RIO BLANCO ANTES JUNTA RIO AYSEN,331.0,     
1995-12-30,11342001-4,RIO AYSEN EN PUERTO AYSEN,465.0,     
1985-07-30,11405001-6,RIO LAGUNILLAS EN DESAGUE LAGO CONDOR,14.6,     
2016-01-01,11500002-0,RIO IBANEZ ANTES JUNTA CAJON,87.0,     
1985-02-25,11504001-4,RIO CLARO ANTES JUNTA RIO IBAGNEZ,11.3,     
1970-08-01,11505001-K,RIO IBAÑEZ EN DESEMBOCADURA,104.0,     
1985-02-27,11514001-9,RIO MURTA EN DESEMBOCADURA,170.0,*    
2016-05-05,11516002-8,RIO LOS LEONES EN CARRETERA AUSTRAL,18.9,*    
1995-12-18,11520002-K,RIO JEINIMENI EN CHILE CHICO,76.6,*    
1995-12-18,11521001-7,RIO EL BAGNO EN CHILE CHICO,2.08,     
2003-03-02,11530000-8,RIO BAKER EN DESAGUE LAGO BERTRAND,760.0,     
2010-03-04,11532000-9,RIO NEF ANTES JUNTA ESTERO EL REVALSE,77.5,*    
1985-06-01,11536001-9,RIO COCHRANE EN COCHRANE,10.6,     
2003-03-15,11536004-3,RIO BAKER EN ANGOSTURA CHACABUCO,941.0,     
2001-02-14,11542001-1,RIO BAKER EN COLONIA,1320.0,     
2003-03-20,11545000-K,RIO BAKER BAJO ÑADIS,1248.0,     
1970-05-25,11553001-1,RIO BAKER EN DESAGUE LAGO BERTRAND,698.0,     
1985-05-03,11701001-5,RIO MAYER EN DESEMBOCADURA,125.0,     
2003-03-29,11710000-6,RIO PASCUA EN DESAGUE LAGO O'HIGGINS,1028.0,     
2003-03-02,11711000-1,RIO PASCUA ANTE JUNTA RIO QUETRU,1139.0,     
2004-08-26,12125002-0,RIO PUNTA EVA EN PUERTO EDEN,0.565,     
2016-04-19,12271000-9,RIO TALCAHUANO EN PENINSULA ANTONIO VARAS,9.41,*    
1981-10-28,12280001-6,RIO PAINE EN PARQUE NACIONAL,25.6,*    
1985-02-26,12280002-4,RIO PAINE EN PARQUE NACIONAL 2,187.0,*    
1980-07-29,12284002-6,RIO BAGUALES EN CERRO GUIDO,1.67,     
1980-08-27,12284003-4,RIO VIZCACHAS EN CERRO GUIDO,7.35,     
1981-10-28,12284004-2,RIO LAS CHINAS EN PTE CARRETERO,39.4,     
1980-06-07,12284005-0,RIO DON GUILLERMO EN CERRO CASTILLO,0.012,     
1980-06-08,12284006-9,RIO LAS CHINAS EN CERRO GUIDO,0.165,*    
1990-03-16,12284007-7,RIO LAS CHINAS ANTES DESAGUE DEL TORO,0.303,*    
1981-11-25,12285001-3,RIO CHORRILLOS TRES PASOS RUTA N 9,0.044,     
2005-01-13,12285003-K,RIO TRES PASOS EN DESAGUE LAGO TORO,0.697,     
2010-01-29,12286002-7,RIO RINCON EN RUTA Y-290,7.06,     
1981-10-25,12287001-4,RIO GREY ANTES JUNTA SERRANO,89.0,*    
2011-07-21,12288002-8,RIO GEIKIE EN DESEMBOCADURA,23.8,*    
2011-07-19,12288003-6,RIO TINDALL EN DESEMBOCADURA,1.46,     
2009-10-17,12288004-4,RIO CAÑADON 1 EN DESEMBOCADURA,5.23,*    
1994-12-15,12289001-5,RIO SERRANO EN DESEMBOCADURA,334.0,     
1986-05-22,12289002-3,RIO SERRANO EN DESAGUE LAGO DEL TORO,47.5,     
1970-04-29,12289003-1,RIO SERRANO ANTES JUNTA GREY,79.1,     
2005-01-18,12291001-6,RIO PRAT EN DESEMBOCADURA,0.685,     
2005-12-27,12400003-3,RIO TRANQUILO EN RUTA Nº 9,0.238,*    
2007-01-30,12400004-1,RIO HOLLEMBERG EN DESEMBOCADURA,1.18,     
2018-04-19,12403001-3,RIO PRIMERO EN SENO OBSTRUCCION,6.24,*    
1981-12-11,12448001-9,RIO GRANDE EN ISLA RIESCO,17.3,     
1991-05-19,12452001-0,RIO PEREZ EN DESEMBOCADURA,2.06,     
2007-01-27,12561001-3,RIO GRANDE EN SENO OTWAY,1.24,     
2005-01-27,12563001-4,RIO CALETE EN SENO OTWAY,5.99,     
1970-05-03,12582001-8,RIO SAN JUAN EN DESEMBOCADURA,25.6,     
1982-06-08,12585001-4,RIO TRES BRAZOS ANTES BT. SENDOS,2.33,     
1982-04-20,12585002-2,RIO LEGNADURA ANTES BT SENDOS,0.061,*    
1982-06-07,12586001-K,RIO LAS MINAS EN BT. SENDOS,1.42,     
2005-01-01,12586009-5,CANAL DE TRASVASE ESTERO LLAU-LLAU,0.037,*    
1981-11-24,12600001-4,RIO RUBENS EN RUTA N 9,8.82,     
1980-06-10,12622001-4,RIO PENITENTE EN MORRO CHICO,9.09,     
2005-01-15,12660001-1,RIO CI-AIKE ANTES FRONTERA,0.086,     
1980-06-12,12802001-2,RIO SIDE EN CERRO SOMBRERO,0.985,     
1980-06-12,12805001-9,RIO OSCAR EN BAHIA SAN FELIPE,3.05,     
1980-06-12,12806001-4,RIO ORO EN BAHIA SAN FELIPE,3.5,     
2006-12-14,12820001-0,RIO CALETA EN TIERRA DEL FUEGO,0.158,     
2006-02-14,12825002-6,RIO AZOPARDO EN DESEMBOCADURA,55.0,     
2018-03-28,12825003-4,RIO BETBEDER EN DESEMBOCADURA,6.91,     
2005-01-14,12861001-4,RIO CULLEN EN FRONTERA,0.01,     
2006-04-25,12863002-3,RIO SAN MARTIN EN SAN SEBASTIAN,0.561,     
2005-01-11,12865001-6,RIO CHICO EN RUTA Y-895,2.12,     
2005-01-12,12872001-4,RIO HERMINITA EN RUTA Y-895,0.493,*    
1981-05-12,12876001-6,RIO GRANDE EN TIERRA DEL FUEGO,14.0,     
2011-12-13,12876004-0,RIO CATALINA EN PAMPA GUANACOS,0.414,     
2004-01-21,12878001-7,RIO RASMUSSEN EN FRONTERA (ESTANCIA VICUÑA),1.99,     
2004-12-02,12930001-9,RIO ROBALO EN PUERTO WILLIAMS,0.858,     
